Part No.,Part Description,Make/Buy,Category,Unit Cost
F88490,Lower Horizontal Frame Support (Beacon),Buy,Frame Tubes (F),$28.00 
F38652,Upper Outer Horizontal Frame Support (Beacon),Buy,Frame Tubes (F),$14.00 
F88492,Upper Inner Horizontal Frame Support (Beacon),Buy,Frame Tubes (F),$9.50 
F38654,Outer Vertical Frame Support (Beacon),Buy,Frame Tubes (F),$17.00 
F88494,Inner Vertical Frame Support (Beacon),Buy,Frame Tubes (F),$15.00 
F38656,Upper & Lower Frame Tie  (Beacon),Buy,Frame Tubes (F),$12.20 
F80900,Horizontal Frame Tube (24in Wd. Low Module),Buy,Frame Tubes (F),$12.50 
F35542,Vertcal Frame Tube  (32in Wd. High Module),Buy,Frame Tubes (F),$19.00 
F18171,Inner Horizontal Frame Tube (90deg. H. Corner Module),Buy,Frame Tubes (F),$12.00 
F18172,Outer Horizontal Frame Tube (90deg. H. Corner Module),Buy,Frame Tubes (F),$13.50 
F49154,Vertcal Frame Tube  (25in Sag. Grill Module),Buy,Frame Tubes (F),$14.50 
F30757,Horizontal Frame Tube  (32in Sag. Grill Module),Buy,Frame Tubes (F),$14.00 
M00489,"Single, Connector Base, Aluminum",Buy,Connector Comp. (M),$4.25 
M13538,"Double, Connector Base, Aluminum",Buy,Connector Comp. (M),$7.14 
M26587,"3way-A Config, Conn. Base, Aluminum",Buy,Connector Comp. (M),$8.16 
M39636,"3way-B Config, Universal Base, Aluminum",Buy,Connector Comp. (M),$8.16 
M20651,"5way 45deg Connector Base, Aluminum",Buy,Connector Comp. (M),$34.60 
M18529,Standard Length Stanchion,Buy,Connector Comp. (M),$2.00 
M87714,Extended Length Stanchion,Buy,Connector Comp. (M),$4.00 
N38257,"Single Connector Assy., Std. Stanchion",Make,Connector Assy (N),$0.00 
N10578,"Double Connector Assy., Std. Stanchion",Make,Connector Assy (N),$0.00 
N82899,3way Tube Connector - A Config.,Make,Connector Assy (N),$0.00 
N82900,3way Tube Connector - B Config. ,Make,Connector Assy (N),$0.00 
N16910,3way Ext. Tube Connector - A Config.,Make,Connector Assy (N),$0.00 
N16911,3way Ext. Tube Connector - B Config. ,Make,Connector Assy (N),$0.00 
N69409,"5way Tube Connector Assy., 90 Deg. Corner Mod.",Make,Connector Assy (N),$0.00 
S16626,Outer Top Sheath w/o Sink (Beacon),Buy,Ext. Cabinet Sheathing (S),$21.83 
S72207,Inner Top Sheath (Beacon),Buy,Ext. Cabinet Sheathing (S),$14.45 
S44754,Bottom Sheath (Beacon),Buy,Ext. Cabinet Sheathing (S),$33.73 
S34089,End Sheath (Beacon),Buy,Ext. Cabinet Sheathing (S),$21.94 
S49271,"Inner Side Sheath, Left (Beacon)",Buy,Ext. Cabinet Sheathing (S),$6.78 
S64453,"Inner Side Sheath, Right (Beacon)",Buy,Ext. Cabinet Sheathing (S),$7.35 
S46822,"Back Sheath, Accessory Kit B (Beacon)",Buy,Ext. Cabinet Sheathing (S),$43.28 
S92795,Outer Top Sheath w/Sink (Beacon),Buy,Ext. Cabinet Sheathing (S),$22.03 
S26496,"Back Sheath, Accessory Kit D (Beacon)",Buy,Ext. Cabinet Sheathing (S),$0.01 
S47899,"Top Sheath w/o Sink/Ice Bin, 24in wd. Low Module",Buy,Ext. Cabinet Sheathing (S),$21.31 
S76940,"Top Sheath with Sink/Ice Bin, 24in wd. Low Module",Buy,Ext. Cabinet Sheathing (S),$25.00 
S52166,"Bottom Sheath, 24in wd. Low Module",Buy,Ext. Cabinet Sheathing (S),$21.89 
S41502,"Side Sheath, 24in wd. Low Module",Buy,Ext. Cabinet Sheathing (S),$26.38 
S90669,"Back Sheath, 24in wd. Low Module (Solid)",Buy,Ext. Cabinet Sheathing (S),$31.35 
S39496,"Top Sheath w/o Sink/Ice Bin, 32in wd. High Module",Buy,Ext. Cabinet Sheathing (S),$21.31 
S68537,"Top Sheath with Sink/Ice Bin, 32in wd. High Module",Buy,Ext. Cabinet Sheathing (S),$25.00 
S43763,"Bottom Sheath, 32in wd. High Module",Buy,Ext. Cabinet Sheathing (S),$21.89 
S33099,"Side Sheath, 32in wd. High Module",Buy,Ext. Cabinet Sheathing (S),$26.38 
S73252,"Back Sheath, 32in wd. High Module, Accessory Kit B (LP Hole/Vent)",Buy,Ext. Cabinet Sheathing (S),$31.35 
S77760,"Back Sheath, 32in wd. High Module, Accessory Kit C (Power In Elec./Vent)",Buy,Ext. Cabinet Sheathing (S),$31.35 
S92689,"45deg. Top/Bottom Reinforcement Plate, 90deg. High Corner Module",Buy,Ext. Cabinet Sheathing (S),$7.51 
S92690,"Bottom Sheath, 90deg. High Corner Module",Buy,Ext. Cabinet Sheathing (S),$22.99 
S88423,"Top Sheath, 90deg. High Corner Module",Buy,Ext. Cabinet Sheathing (S),$22.44 
S82024,"Side Sheath, 90deg. High Corner Module",Buy,Ext. Cabinet Sheathing (S),$26.48 
S94822,"Corner Sheath, 90deg. High Corner Module",Buy,Ext. Cabinet Sheathing (S),$6.80 
S94823,"Corner Sheath Bracket, 90deg. High Corner Module",Buy,Ext. Cabinet Sheathing (S),$5.18 
S79891,"Back Sheath, 90deg. High Corner Module",Buy,Ext. Cabinet Sheathing (S),$29.09 
S97048,"Side Sheath, 25in Sag. Grill Module",Buy,Ext. Cabinet Sheathing (S),$29.02 
S17989,"Back Sheath, 25in Sag. Grill Module",Buy,Ext. Cabinet Sheathing (S),$34.99 
S97047,"Grill Support Brack Side, 25in Sag. Grill Module",Buy,Ext. Cabinet Sheathing (S),$5.26 
S97049,"Countertop Support Bracket, 25in Sag. Grill Module",Buy,Ext. Cabinet Sheathing (S),$8.99 
S94914,"Grill Support Brack Rear, 25in Sag. Grill Module",Buy,Ext. Cabinet Sheathing (S),$3.49 
S37876,"Back Sheath, 90deg. Low Corner Module",Buy,Ext. Cabinet Sheathing (S),$29.09 
S40009,"Side Sheath, 90deg. Low Corner Module",Buy,Ext. Cabinet Sheathing (S),$26.48 
S52807,"Corner Sheath, 90deg. Low Corner Module",Buy,Ext. Cabinet Sheathing (S),$6.80 
S52808,"Corner Sheath Bracket, 90deg. Low Corner Module",Buy,Ext. Cabinet Sheathing (S),$5.18 
S74797,"Top Sheath, 32in Sag. Grill Module",Buy,Ext. Cabinet Sheathing (S),$0.01 
S79063,"Bottom Sheath, 32in Sag. Grill Module",Buy,Ext. Cabinet Sheathing (S),$0.01 
S84832,"Back Sheath, 32in Sag. Grill Module",Buy,Ext. Cabinet Sheathing (S),$0.01 
S66266,"Grill Support Brack Side, 32in Sag. Grill Module",Buy,Ext. Cabinet Sheathing (S),$0.01 
S33690,Universal Reinforcement Plate (Upper & Lower),Buy,Ext. Cabinet Sheathing (S),$7.96 
S77145,"Back Sheath, 24in wd. Low Module (Sink)",Buy,Ext. Cabinet Sheathing (S),$0.01 
S68742,"Back Sheath, 32in wd. High Module (Sink)",Buy,Ext. Cabinet Sheathing (S),$31.35 
I51404,Interior Base Sheath (Beacon),Buy,Int. Cabinet Sheathing (I),$25.30 
I51975,Interior Base Board (Beacon),Buy,Int. Cabinet Sheathing (I),$5.78 
I40739,Interior Outer Vertical Wall (Beacon),Buy,Int. Cabinet Sheathing (I),$3.16 
I47138,Interior Outer Top Sheath w/o Sink/Ice Bin (Beacon),Buy,Int. Cabinet Sheathing (I),$15.78 
I23307,Interior Outer Top Sheath with Sink/Ice Bin (Beacon),Buy,Int. Cabinet Sheathing (I),$20.00 
I49271,Interior Inner Top Sheath (Beacon),Buy,Int. Cabinet Sheathing (I),$11.14 
I34340,Outer Vertical Corner Cover (Beacon),Buy,Int. Cabinet Sheathing (I),$2.85 
I34341,Inner Vertcal Corner Cover (Beacon),Buy,Int. Cabinet Sheathing (I),$2.65 
I34342,Inner Common Vertical Corner Cover (Beacon),Buy,Int. Cabinet Sheathing (I),$0.01 
I61804,Vertical Corner Cover (High Module),Buy,Int. Cabinet Sheathing (I),$3.10 
I61805,Interior Top Sheath (High Module),Buy,Int. Cabinet Sheathing (I),$17.13 
I90845,"Interior Top Sheath, Sink/Ice Bin (High Module)",Buy,Int. Cabinet Sheathing (I),$22.00 
I61806,Interior Bottom Sheath  (High Module),Buy,Int. Cabinet Sheathing (I),$15.37 
I73040,Interior Base Board  (High Module),Buy,Int. Cabinet Sheathing (I),$5.78 
I70207,Interior Top Sheath (Low Module),Buy,Int. Cabinet Sheathing (I),$17.13 
I99248,"Interior Top Sheath, Sink/Ice Bin (Low Module)",Buy,Int. Cabinet Sheathing (I),$22.00 
I70208,Interior Bottom Sheath (Low Module),Buy,Int. Cabinet Sheathing (I),$15.37 
I81443,Interior Base Board (Low Module),Buy,Int. Cabinet Sheathing (I),$5.78 
I87013,Vertical Corner Cover 45deg. (90deg. High Corner Module),Buy,Int. Cabinet Sheathing (I),$7.65 
I87014,Interior Top Sheath (90 deg. High Corner Module),Buy,Int. Cabinet Sheathing (I),$17.99 
I87015,Interior Bottom Sheath (90 deg. High Corner Module),Buy,Int. Cabinet Sheathing (I),$17.99 
I98249,Interior Base Board (90 deg. High Corner Module),Buy,Int. Cabinet Sheathing (I),$0.01 
I21233,Vertical Corner Cover (25in Sag. Grill Module),Buy,Int. Cabinet Sheathing (I),$2.56 
I44998,Vertical Corner Cover 45deg. (90deg. Low Corner Module),Buy,Int. Cabinet Sheathing (I),$7.65 
I86185,Interior Top Sheath (32in Sag Grill Module),Buy,Int. Cabinet Sheathing (I),$0.01 
I02879,Interior Bottom Sheath (32in Sag Grill Module),Buy,Int. Cabinet Sheathing (I),$15.37 
I03820,Interior Base Board (32in Sag Grill Module),Buy,Int. Cabinet Sheathing (I),$0.01 
I81449,"Backer Board, Door, (Beacon Side Module Std.)",Buy,Int. Cabinet Sheathing (I),$16.42 
T49372,Masonry Door Trim - Upper & Lower (Beacon),Buy,Trim (T),$0.00 
T49373,Masonry Door Trim - Side (Beacon),Buy,Trim (T),$0.00 
T13088,Inner Panel Interior Trim - Upper & Lower (Beacon),Buy,Trim (T),$0.00 
T13089,Inner Panel Interior Trim - L & R Sides (Beacon),Buy,Trim (T),$0.00 
T86323,Outer Panel Interior Trim - Upper & Lower (Beacon),Buy,Trim (T),$0.00 
T86324,Outer Panel Interior Trim - L & R Sides (Beacon),Buy,Trim (T),$0.00 
T72525,Inner Panel Exterior Trim - Right (Beacon),Buy,Trim (T),$0.00 
T72526,Inner Panel Exterior Trim - Left (Beacon),Buy,Trim (T),$0.00 
T50267,"Left Corner Trim, Outer Panel (Beacon)",Buy,Trim (T),$0.00 
T50268,"Right Corner Trim, Outer Panel (Beacon)",Buy,Trim (T),$0.00 
T13328,"Corner Trim, End Panel (Beacon)",Buy,Trim (T),$0.00 
T92036,Inner Panel Exterior Trim - Top (Beacon),Buy,Trim (T),$0.00 
T69778,Outer Panel Exterior Trim - Top (Beacon),Buy,Trim (T),$0.00 
T53165,End Panel Exterior Trim - Top (Beacon),Buy,Trim (T),$0.00 
T42211,"Front Corner Trim, 25in. Sag. Grill Mod. ",Buy,Trim (T),$0.00 
T41237,"Side Rear Corner Trim, 32in. Wide High Module ",Buy,Trim (T),$0.00 
T61563,"Front Corner Trim, 32in. Wide High Module ",Buy,Trim (T),$0.00 
T55164,"Front Left & Right Corner Trim, 90deg. High Corner Module ",Buy,Trim (T),$0.00 
T65829,"Front Left & Right Corner Trim, 90deg. Low Corner Module ",Buy,Trim (T),$0.00 
J55645,Lower Horizontal J-Channel - Bottom (Beacon),Make,J-Channel (J),$0.00 
J39033,Inner Panel J-Channel - Right (Beacon),Make,J-Channel (J),$0.00 
J39034,Inner Panel J-Channel - Left (Beacon),Make,J-Channel (J),$0.00 
J16777,Outer Panel J-Channel - Right (Beacon),Make,J-Channel (J),$0.00 
J16778,Outer Panel J-Channel - Left (Beacon),Make,J-Channel (J),$0.00 
J79840,End Panel J-Channel - L & R (Beacon),Make,J-Channel (J),$0.00 
J79841,End Panel J-Channel - Base (Beacon),Make,J-Channel (J),$0.00 
J80589,"Front LR J-Channel, 25in. Sag Grill Module",Make,J-Channel (J),$0.00 
J60263,"Side LR J-Channel, 25in. Sag Grill Module",Make,J-Channel (J),$0.00 
J99941,"Front LR J-Channel, 32in. W. High Module",Make,J-Channel (J),$0.00 
J99942,"Front Base J-Channel, 32in. W. High Module",Make,J-Channel (J),$0.00 
J79615,"Side LR J-Channel, 32in. W. High Module",Make,J-Channel (J),$0.00 
J97808,"Front Base J-Channel, 24in. W. Low Module",Make,J-Channel (J),$0.00 
J21445,"Corner Face Base J-Channel, 90deg. High Corner Module",Make,J-Channel (J),$0.00 
J60316,"Side Face Base J-Channel, 90deg. High Corner Module",Make,J-Channel (J),$0.00 
J70981,"Side Face Outside J-Channel, 90deg. Low Corner Module",Make,J-Channel (J),$0.00 
J80828,"Front Base J-Channel, 32in. Sag Grill Module",Make,J-Channel (J),$0.00 
J60317,"Side Face Outside J-Channel, 90deg. High Corner Module",Make,J-Channel (J),$0.00 
B82404,LP Tank Retainer Ring,Make,Mounting & Acc. Parts (B),$0.00 
B49807,Refrigerator Riser Pad,Make,Mounting & Acc. Parts (B),$0.00 
B41164,"Hinge Attachment Plate, Beacon Side Module",Buy,Mounting & Acc. Parts (B),$0.00 
B41165,"Door Offset Hinge, Beacon Side Module",Buy,Mounting & Acc. Parts (B),$0.00 
B85026,Grab Bar Attachment Bracket,Buy,Mounting & Acc. Parts (B),$0.00 
B74449,On-Off Rocker Switch Mountin Bracket,Buy,Mounting & Acc. Parts (B),$0.00 
B24421,Cover Plate - Water/Waste Hook-Up Panel,Buy,Mounting & Acc. Parts (B),$0.00 
B21612,Cover Plate - Accessory Receptical Outlet,Buy,Mounting & Acc. Parts (B),$0.00 
B21613,Cover Plate - On/Off Rocker Switch ,Buy,Mounting & Acc. Parts (B),$0.00 
B21614,Cover Plate - Power Port Plug,Buy,Mounting & Acc. Parts (B),$0.00 
B60404,"Upper & Lower Attachment Bracket, Light Post",Buy,Mounting & Acc. Parts (B),$0.00 
B53651,"Upper Bracket Plastic Insert, Light Post",Make,Mounting & Acc. Parts (B),$0.00 
B31101,"Base Mount, Light Post",Buy,Mounting & Acc. Parts (B),$0.00 
B60405,"Support Plate, Light Post",Buy,Mounting & Acc. Parts (B),$0.00 
R83220,Corrugated Cover,Buy,Packaging (R),$0.00 
R27479,Corner Protectors,Buy,Packaging (R),$0.00 
R20418,"1"" Styrofoam Sheet",Buy,Packaging (R),$0.00 
U12483,Sagamore Grill Set w/Case,Buy,Accessories/UX (U),$0.00 
U44025,Beacon Module Cover,Buy,Accessories/UX (U),$0.00 
U39137,Pizza Making Set w/Case,Buy,Accessories/UX (U),$0.00 
U23263,"Conv. Pkg. - Paper Towel Holder, Bottle Opener, Acc. Bar",Make,Accessories/UX (U),$0.00 
91023-01,Beacon Side Left Module,Make,Frame Assy. (H),$0.00 
91384-01,Beacon Side Right Module,Make,Frame Assy. (H),$0.00 
90873-01,24in Wide Low Module,Make,Frame Assy. (H),$0.00 
90006-01,32in Wide High Module,Make,Frame Assy. (H),$0.00 
92787-01,25in Sag. Grill High Module,Make,Frame Assy. (H),$0.00 
93893-01,32in Sag. Grill High Module,Make,Frame Assy. (H),$0.00 
90607-01,90deg. High Corner Module,Make,Frame Assy. (H),$0.00 
90139-01,90deg. Low Corner Module,Make,Frame Assy. (H),$0.00 
12317-01,"Beacon Side Module, Left, 59L Refrig.",Make,Base Assy. (D),$0.00 
15169-01,"Beacon Side Module, Right, 1420 Door, Sink",Make,Base Assy. (D),$0.00 
12128-01,"24in Wide Low Mod., 38L Refrig.",Make,Base Assy. (D),$0.00 
15422-01,"24in Wide Low Mod., 1420 Door (Sink/Ice Bin)",Make,Base Assy. (D),$0.00 
18754-01,"24in Wide Low Mod., 2 Drawer Cabinet",Make,Base Assy. (D),$0.00 
18887-01,"24in Wide Low Mod., Trash Pull-Out Cabinet",Make,Base Assy. (D),$0.00 
12462-01,"32in Wide High Mod., 63L Refrigerator",Make,Base Assy. (D),$0.00 
15395-01,"32in Wide High Mod., 1420 Door (Sink/Ice Bin)",Make,Base Assy. (D),$0.00 
13138-01,"32in Wide High Mod., 1724 Door, LP Tank (Pizza Oven)",Make,Base Assy. (D),$0.00 
18727-01,"32In Wide High Mod., 2 Drawer Cabinet",Make,Base Assy. (D),$0.00 
18088-01,"32In Wide High Mod., 3 Drawer Cabinet",Make,Base Assy. (D),$0.00 
18860-01,"32In Wide High Mod., Trash Cabinet",Make,Base Assy. (D),$0.00 
19354-01,90deg. Low Corner Module,Make,Base Assy. (D),$0.00 
19381-01,90deg. High Corner Module,Make,Base Assy. (D),$0.00 
17119-01,25in Sag Grill Module w/38L Refrig.,Make,Base Assy. (D),$0.00 
13445-01,32in Sag Grill Module w/2130 Door,Make,Base Assy. (D),$0.00 
12595-01,90deg. Low Corner Module w/Post Light,Make,Base Assy. (D),$0.00 
12568-01,90deg. High Corner Module/Post Light,Make,Base Assy. (D),$0.00 
81697-01,Beacon Countertop - No Accessory  ,Make,Countertop  (C),$0.00 
81738-01,Beacon Countertop - With Sink  ,Make,Countertop  (C),$0.00 
80568-01,Std. Low Module Countertop,Make,Countertop  (C),$0.00 
80217-01,Std. Low Module Countertop w/sink,Make,Countertop  (C),$0.00 
80850-01,Std. Low Module Countertop w/Ice Bin,Make,Countertop  (C),$0.00 
80929-01,Std. High Module Countertop,Make,Countertop  (C),$0.00 
80578-01,Std. High Module Countertop w/sink,Make,Countertop  (C),$0.00 
80211-01,Std. High Module Countertop w/Ice Bin,Make,Countertop  (C),$0.00 
86748-01,Std. High Module Countertop w/16in Pizza Oven,Make,Countertop  (C),$0.00 
84466-01,Std. High Module Countertop w/E-Grill,Make,Countertop  (C),$0.00 
80846-01,90deg High_Low Corner Module Countertop,Make,Countertop  (C),$0.00 
82545-01,25in Sagamore LP Grill High Module,Make,Countertop  (C),$0.00 
83908-01,32in Sagamore LP Grill High Module,Make,Countertop  (C),$0.00 
21153-01,Beacon Countertop - No Accessory  ,Make,Countertop Assy (L),$0.00 
21067-01,Beacon Countertop - With Sink  ,Make,Countertop Assy (L),$0.00 
20469-01,Std. Low Module Countertop,Make,Countertop Assy (L),$0.00 
20598-01,Std. Low Module Countertop w/sink,Make,Countertop Assy (L),$0.00 
20199-01,Std. Low Module Countertop w/Ice Bin,Make,Countertop Assy (L),$0.00 
20494-01,Std. High Module Countertop,Make,Countertop Assy (L),$0.00 
20904-01,Std. High Module Countertop w/sink,Make,Countertop Assy (L),$0.00 
20734-01,Std. High Module Countertop w/Ice Bin,Make,Countertop Assy (L),$0.00 
26789-01,Std. High Module Countertop w/16in Pizza Oven,Make,Countertop Assy (L),$0.00 
24294-01,Std. High Module Countertop w/E-Grill,Make,Countertop Assy (L),$0.00 
20628-01,90deg High_Low Corner Module Countertop,Make,Countertop Assy (L),$0.00 
22314-01,25in Sagamore LP Grill High Module,Make,Countertop Assy (L),$0.00 
23658-01,32in Sagamore LP Grill High Module,Make,Countertop Assy (L),$0.00 
71757-01,"Backer Board, End (Beacon Side Module Std.)",Make,Backer Board (Q),$0.00 
71815-01,"Backer Board, Outer, 59L Refrig., (Beacon Side Module Std.)",Make,Backer Board (Q),$0.00 
71747-01,"Backer Board, Outer, 1420 Door., (Beacon Side Module Std.)",Make,Backer Board (Q),$0.00 
71900-01,"Backer Board, Inner, (Beacon Side Module Std.)",Make,Backer Board (Q),$0.00 
70621-01,"Backer Board, Front, 1420 Door, (24in W. Low Mod)",Make,Backer Board (Q),$0.00 
70443-01,"Backer Board, Front, Trash Drawer, (24in W. Low Mod)",Make,Backer Board (Q),$0.00 
70566-01,"Backer Board, Front, Double Drawer, (24in W. Low Mod)",Make,Backer Board (Q),$0.00 
70498-01,"Backer Board, Front, 38L Refrig, (24in W. Low Mod)",Make,Backer Board (Q),$0.00 
70987-01,"Backer Board, Side (32in W. High Mod)",Make,Backer Board (Q),$0.00 
70458-01,"Backer Board, Front, 1420 Door, (32in W. High Mod)",Make,Backer Board (Q),$0.00 
70267-01,"Backer Board, Front, 1724 Door, (32in W. High Mod)",Make,Backer Board (Q),$0.00 
70403-01,"Backer Board, Front, Double Drawer, (32in W. High Mod)",Make,Backer Board (Q),$0.00 
70212-01,"Backer Board, Front, Triple Drawer, (32in W. High Mod)",Make,Backer Board (Q),$0.00 
70280-01,"Backer Board, Front, Trash Drawer, (32in W. High Mod)",Make,Backer Board (Q),$0.00 
70144-01,"Backer Board, Front, 63L Refrig., (32in W. High Mod)",Make,Backer Board (Q),$0.00 
72007-01,"Backer Board, Front, 38L Refrig., (25in Sag Grill High Mod)",Make,Backer Board (Q),$0.00 
73019-01,"Backer Board, Front, Double Door., (32in Sag Grill High Mod)",Make,Backer Board (Q),$0.00 
70661-01,"Backer Board, Side, (90deg. Low Corner Mod)",Make,Backer Board (Q),$0.00 
70609-01,"Backer Board, Corner, (90deg. Low Corner Mod)",Make,Backer Board (Q),$0.00 
70476-01,"Backer Board, Side, (90deg. High Corner Mod)",Make,Backer Board (Q),$0.00 
70424-01,"Backer Board, Corner, (90deg. High Corner Mod)",Make,Backer Board (Q),$0.00 
61025-01,"Cladding Panel, Outer, 59L Refrig., (Beacon Side Module Std.)",Make,Cladding Pane (P),$0.00 
61655-01,"Cladding Panel, Inner, (Beacon Side Module Std.)",Make,Cladding Pane (P),$0.00 
61398-01,"Cladding Panel, End, (Beacon Side Module Std.)",Make,Cladding Pane (P),$0.00 
61502-01,"Cladding Panel, Outer, 1420 Door, (Beacon Side Module Std.)",Make,Cladding Pane (P),$0.00 
61045-01,"Cladding Panel, Door (Beacon Side Module Std.)",Make,Cladding Pane (P),$0.00 
60702-01,"Cladding Panel, Front, 1420 Door, (24in W. Low Mod)",Make,Cladding Pane (P),$0.00 
60524-01,"Cladding Panel, Front, Trash Drawer, (24in W. Low Mod)",Make,Cladding Pane (P),$0.00 
60647-01,"Cladding Panel, Front, Double Drawer, (24in W. Low Mod)",Make,Cladding Pane (P),$0.00 
60579-01,"Cladding Panel, Front, 38L Refrig, (24in W. Low Mod)",Make,Cladding Pane (P),$0.00 
60068-01,"Cladding Panel, Side (32in W. High Mod)",Make,Cladding Pane (P),$0.00 
60539-01,"Cladding Panel, Front, 1420 Door, (32in W. High Mod)",Make,Cladding Pane (P),$0.00 
60348-01,"Cladding Panel, Front, 1724 Door, (32in W. High Mod)",Make,Cladding Pane (P),$0.00 
60484-01,"Cladding Panel, Front, Double Drawer, (32in W. High Mod)",Make,Cladding Pane (P),$0.00 
60293-01,"Cladding Panel, Front, Triple Drawer, (32in W. High Mod)",Make,Cladding Pane (P),$0.00 
60361-01,"Cladding Panel, Front, Trash Drawer, (32in W. High Mod)",Make,Cladding Pane (P),$0.00 
60225-01,"Cladding Panel, Front, 63L Refrig., (32in W. High Mod)",Make,Cladding Pane (P),$0.00 
62088-01,"Cladding Panel, Front, 38L Refrig., (25in Sag Grill High Mod)",Make,Cladding Pane (P),$0.00 
63100-01,"Cladding Panel, Front, Double Door., (32in Sag Grill High Mod)",Make,Cladding Pane (P),$0.00 
60742-01,"Cladding Panel, Side, (90deg. Low Corner Mod)",Make,Cladding Pane (P),$0.00 
60690-01,"Cladding Panel, Corner, (90deg. Low Corner Mod)",Make,Cladding Pane (P),$0.00 
60557-01,"Cladding Panel, Side, (90deg. High Corner Mod)",Make,Cladding Pane (P),$0.00 
60505-01,"Cladding Panel, Corner, (90deg. High Corner Mod)",Make,Cladding Pane (P),$0.00 
51092-01,"Cladding Assy., Outer, 59L Refrig., (Beacon Side Module Std.)",Make,Cladding Assy. (O),$0.00 
51380-01,"Cladding Assy., Inner, (Beacon Side Module Std.)",Make,Cladding Assy. (O),$0.00 
51270-01,"Cladding Assy., End (Beacon Side Module Std.)",Make,Cladding Assy. (O),$0.00 
51348-01,"Cladding Assy., Outer, 1420 Door., (Beacon Side Module Std.)",Make,Cladding Assy. (O),$0.00 
51023-01,"Cladding Assy., Door, (Beacon Side Module Std.)",Make,Cladding Assy. (O),$0.00 
50319-01,"Cladding Assy., Front, 1420 Door, (24in W. Low Mod)",Make,Cladding Assy. (O),$0.00 
50899-01,"Cladding Assy., Front, Trash Drawer, (24in W. Low Mod)",Make,Cladding Assy. (O),$0.00 
50655-01,"Cladding Assy., Front, Double Drawer, (24in W. Low Mod)",Make,Cladding Assy. (O),$0.00 
50239-01,"Cladding Assy., Front, 38L Refrig, (24in W. Low Mod)",Make,Cladding Assy. (O),$0.00 
50791-01,"Cladding Assy., Side (32in W. High Mod)",Make,Cladding Assy. (O),$0.00 
50535-01,"Cladding Assy., Front, 1420 Door, (32in W. High Mod)",Make,Cladding Assy. (O),$0.00 
50363-01,"Cladding Assy., Front, 1724 Door, (32in W. High Mod)",Make,Cladding Assy. (O),$0.00 
50088-01,"Cladding Assy., Front, Double Drawer, (32in W. High Mod)",Make,Cladding Assy. (O),$0.00 
50916-01,"Cladding Assy., Front, Triple Drawer, (32in W. High Mod)",Make,Cladding Assy. (O),$0.00 
50621-01,"Cladding Assy., Front, Trash Drawer, (32in W. High Mod)",Make,Cladding Assy. (O),$0.00 
50607-01,"Cladding Assy., Front, 63L Refrig., (32in W. High Mod)",Make,Cladding Assy. (O),$0.00 
52812-01,"Cladding Assy., Front, 38L Refrig., (25in Sag Grill High Mod)",Make,Cladding Assy. (O),$0.00 
53582-01,"Cladding Assy., Front, Double Door., (32in Sag Grill High Mod)",Make,Cladding Assy. (O),$0.00 
50023-01,"Cladding Assy., Side, (90deg. Low Corner Mod)",Make,Cladding Assy. (O),$0.00 
50615-01,"Cladding Assy., Corner, (90deg. Low Corner Mod)",Make,Cladding Assy. (O),$0.00 
50503-01,"Cladding Assy., Side, (90deg. High Corner Mod)",Make,Cladding Assy. (O),$0.00 
50989-01,"Cladding Assy., Corner, (90deg. High Corner Mod)",Make,Cladding Assy. (O),$0.00 
32348-01,"Cladding Kit, Beacon Side Module, 59L Refrig., Masonry Door",Make,Cladding Assembly Kit (G),$0.00 
35372-01,"Cladding Kit, Beacon Side Module, 1420 Door, Masonry Door",Make,Cladding Assembly Kit (G),$0.00 
32926-01,"Cladding Kit, 24in Wide Low Mod., 38L Refrig.",Make,Cladding Assembly Kit (G),$0.00 
32777-01,"Cladding Kit, 24in Wide Low Mod., 1420 Door ",Make,Cladding Assembly Kit (G),$0.00 
32072-01,"Cladding Kit, 24in Wide Low Mod., 2 Drawer Cabinet",Make,Cladding Assembly Kit (G),$0.00 
32450-01,"Cladding Kit, 24in Wide Low Mod., Trash Pull-Out Cabinet",Make,Cladding Assembly Kit (G),$0.00 
32233-01,"Cladding Kit, 32in Wide High Mod., 63L Refrigerator",Make,Cladding Assembly Kit (G),$0.00 
32549-01,"Cladding Kit, 32in Wide High Mod., 1420 Door ",Make,Cladding Assembly Kit (G),$0.00 
32412-01,"Cladding Kit, 32in Wide High Mod., 1724 Door ",Make,Cladding Assembly Kit (G),$0.00 
32240-01,"Cladding Kit, 32In Wide High Mod., 2 Drawer Cabinet",Make,Cladding Assembly Kit (G),$0.00 
32076-01,"Cladding Kit, 32In Wide High Mod., 3 Drawer Cabinet",Make,Cladding Assembly Kit (G),$0.00 
32933-01,"Cladding Kit, 32In Wide High Mod., Trash Cabinet",Make,Cladding Assembly Kit (G),$0.00 
39879-01,"Cladding Kit, 90deg. Low Corner Module",Make,Cladding Assembly Kit (G),$0.00 
39936-01,"Cladding Kit, 90deg. High Corner Module",Make,Cladding Assembly Kit (G),$0.00 
37673-01,"Cladding Kit, 25in Sag Grill Module w/38L Refrig.",Make,Cladding Assembly Kit (G),$0.00 
33276-01,"Cladding Kit, 32in Sag Grill Module w/2130 Door",Make,Cladding Assembly Kit (G),$0.00 
43488-01,"Finish Kit - A, Beacon Side Left Module, No Lighting",Make,Finish Kit (E),$0.00 
44850-01,"Finish Kit - A, Beacon Side Right Module, No Lighting",Make,Finish Kit (E),$0.00 
43908-01,"Finish Kit - A, 24in Wide Low Module, No Lighting",Make,Finish Kit (E),$0.00 
46428-01,"Finish Kit - A, 32in Wide High Module, No Lighting",Make,Finish Kit (E),$0.00 
47102-01,"Finish Kit - A, 25in Sag. Grill High Module, No Lighting",Make,Finish Kit (E),$0.00 
43897-01,"Finish Kit - A, 32in Sag. Grill High Module, No Lighting",Make,Finish Kit (E),$0.00 
47863-01,"Finish Kit - A, 90deg. High Corner Module, No Lighting",Make,Finish Kit (E),$0.00 
49115-01,"Finish Kit - A, 90deg. Low Corner Module, No Lighting",Make,Finish Kit (E),$0.00 
43326-01,"Finish Kit - B, Beacon Side Left Module, LED Lighting",Make,Finish Kit (E),$0.00 
44688-01,"Finish Kit - B, Beacon Side Right Module, LED Lighting",Make,Finish Kit (E),$0.00 
43746-01,"Finish Kit - B, 24in Wide Low Module, LED Lighting",Make,Finish Kit (E),$0.00 
46266-01,"Finish Kit - B, 32in Wide High Module, LED Lighting",Make,Finish Kit (E),$0.00 
43735-01,"Finish Kit - B, 32in Sag. Grill High Module, LED Lighting",Make,Finish Kit (E),$0.00 
47701-01,"Finish Kit - B, 90deg. High Corner Module, LED Lighting",Make,Finish Kit (E),$0.00 
49953-01,"Finish Kit - B, 90deg. Low Corner Module, LED Lighting",Make,Finish Kit (E),$0.00 
K04980,"SikaBond Construction Adhesive, 29oz Tube",Buy,Adhesive,$0.82 
K04981,"Locktite Blue 242, 0.2oz Tube/12 Pack",Buy,Adhesive,$18.01 
K04982,"Gorilla Heavy Duty Construction Adhesive Ultimate, 9oz Tube",Buy,Adhesive,$1.51 
K04983,"Gorilla Max Strength Construction Adhesive Clear, 9oz Tube",Buy,Adhesive,$1.76 
K61430,GFRSCC Premix Cement,Buy,Concrete,$0.71 
K61431,Pigment (Iron Black),Buy,Concrete,$4.25 
K61432,Pigment (Deep Black),Buy,Concrete,$4.95 
K61433,STAGE II Accelerator,Buy,Concrete,$2.74 
K61435,"1/2"" Glass Fiber (13kg/28.7lbs)",Buy,Concrete,$3.37 
K61436,"3/4"" Glass Fiber (9kg/19.8lbs)",Buy,Concrete,$3.37 
K61437,Pol-Ease 2650 Mold Release,Buy,Concrete,$0.36 
K99234,Polytek Mold Release (Pol-Ease),Buy,Solvent,$6.06 
K53583,"MICTUNING 15Amp 125V AC Port Plug with Heavy Duty Integrated Dual 20"" Extension Cord. Model MIC-EC-140",Buy,Electrical Switches & Recepticals,$28.90 
K20115,"Aluminum J-Channel (144'' x 1-1/8"" x 5/8"" x 1/4"" x .270"")",Buy,Extrusion,$2.25 
K20116,"Aluminum Angle (144'' x 1-1/4"" x 1-1/4"" x 1/16"")",Buy,Extrusion,$2.76 
K20117,Aluminum Angle (144'' x 5/16'' x 1-1/2'' x 1/16''),Buy,Extrusion,$1.87 
K39476,"Adhesive Stud (M10), 316 SS, M10 x 1.5 mm Thread, 40mm L., 38mm D. Base",Buy,Hardware Fastener,$4.01 
K39477,"Flat Washer (M10), 316 SS, 10.5 mm ID, 18.0 mm OD",Buy,Hardware Fastener,$0.22 
K39478,"Hex Nut (M10), 316SS, M10 x 1.5 mm Thread Size",Buy,Hardware Fastener,$1.84 
K39479,"Lock Washer (M10), 316 SS, 10.7 mm ID, 16 mm OD",Buy,Hardware Fastener,$0.29 
K39480,"Rubber Washer (M10), 10.5 mm ID, 20 mm OD",Buy,Hardware Fastener,$0.46 
K39481,"Flat Spacer Washer (M10), 10.5 mm ID, 20mm OD",Buy,Hardware Fastener,$0.55 
K39529,"Flat Washer (1/2""), 316 SS, 0.531"" ID, 1.250"" OD",Buy,Hardware Fastener,$0.53 
K39530,"Threaded Stud, 1/2-13 x 4in., 316 SS",Buy,Hardware Fastener,$6.37 
K39531,"1/2-13 Thin-Profile Hex Lock Nut, 316 SS, 5/16"" H.",Buy,Hardware Fastener,$0.89 
K39532,"Rivet Domed Head, 5/32"" Diameter, for 0.126""-0.187"" Material Thickness",Buy,Hardware Fastener,$0.10 
K39533,"Rivet Domed Head, 5/32"" Diameter, for 0.251""-0.375"" Material Thickness",Buy,Hardware Fastener,$0.09 
K62699,Rigid Caster,Buy,Hardware Specialty,$7.33 
K62700,Swivel Caster,Buy,Hardware Specialty,$11.00 
K62702,Levelling Pad,Buy,Hardware Specialty,$10.55 
K39535,Panel Hole Plug (1.1/8),Buy,Hardware Fastener,$0.22 
K01267,"6mm Magnesium Oxide Sheet 4ft X 8ft X 1/4"" ",Buy,MGO Board,$0.78 
K85421,Surface Mount Vent Panel,Buy,"SS Doors,Drawers, Acc.", $-   
K41104,"HardieBacker Cement Backerboard, 1/4 x 3ft x 5ft",Buy,Cement Board,$0.87 
K98029,Pull Handle 116mm,Buy,Hardware Custom Item,$1.56 
K98030,Pull Handle 300mm,Buy,Hardware Custom Item,$2.41 
K98031,Pull Handle 400mm,Buy,Hardware Custom Item,$6.43 
K55515,Water In-Take & Waste Line Hook Up Panel,Buy,"Plumbing (Sink, Faucet, Comp.)",$21.75 
K53586,"Journeyman-Pro 15 Amp 125 Volt NEMA 5-15R Receptacle Kit with Integrated 20"" Extension Cord + Waterproof Rubber Cover",Buy,Electrical Switches & Recepticals,$31.99 
K53584,On/Off Rocker Switch Assy. w/AC Piggyback 3ft Extension Cord ,Buy,Electrical Switches & Recepticals,$15.99 
K51008,"Drop-In Sink, Flange Mount, 15in w/Single Hole",Buy,"Plumbing (Sink, Faucet, Comp.)",$57.93 
K51009,"Bar sink faucet, Single Hole, 10in, Stainless, Single Cold ",Buy,"Plumbing (Sink, Faucet, Comp.)",$31.23 
K37936,"COB LED Strip, 12vdc 3.7watt, 304 Lumens, 3K Warm Light, IP65 Water Resistant",Buy,"Lighting (LED, Transformer, Wire)",$0.00 
K37937,LED Power Transformer  ,Buy,"Lighting (LED, Transformer, Wire)",$0.00 
K37938,"LED Alum. Track w/Clear Cover, 17mm x 8mm, 1 Meter",Buy,"Lighting (LED, Transformer, Wire)",$0.00 
K37939,LED Track Corner Connector,Buy,"Lighting (LED, Transformer, Wire)",$0.00 
K37940,LED Solderless Connector,Buy,"Lighting (LED, Transformer, Wire)",$0.00 
K37941,"LED 18ga Wire, 100ft, 2 Wire, 12v/24v",Buy,"Lighting (LED, Transformer, Wire)",$0.00 
K37942,LED Straight Power Connector,Buy,"Lighting (LED, Transformer, Wire)",$0.00 
K37943,LED Wire Cover,Buy,"Lighting (LED, Transformer, Wire)",$0.00 
K37944,"LED Wire Cover Grommet - 1/4""",Buy,"Lighting (LED, Transformer, Wire)",$0.00 
K85422,"Paper Towel Holder, Under Cabinet Paper Towel Roll Holder for Kitchen, Self Adhesive or Drilling Wall Mount for Kitchen Paper Towel, Stainless Steel SUS304",Buy,"SS Doors,Drawers, Acc.",$10.81 
K53585,"KUNCAN 15A AC Port Plug - 125V Power Inlet Socket with Triple 18 Inch Extension Cord, NEMA 5-15 Plug Flanged Inlet with Waterproof Cover Outdoor Extension Cable",Buy,Electrical Switches & Recepticals,$16.99 
K55516,Universal Drain Kit for Bathroom Sinks - SnappyTrap,Buy,"Plumbing (Sink, Faucet, Comp.)",$18.79 
K61482,"Rebar 3/8""D x 94""",Buy,Concrete,$0.56 
K61483,"25 mm Basalt Reinforcing Mesh & Scrim for Concrete, 1sq Yd",Buy,Concrete,$30.26 
K39584,"10-32 x 1.1/2"" Flat Head Phillips Screw, 18-8 SS, 82deg.",Buy,Hardware Fastener,$0.37 
K82674,PLA-CF - Black (14100) / Filament with spool / 1 kg,Buy,Polymer Filament,$40.04 
K20118,Aluminum Angle (1x1.5x.060x8ft),Buy,Extrusion,$3.42 
K10462,Eco-Etch Concrete Etcher,Buy,Solvent,$51.98 
K10463,Super Concrete Dissolver,Buy,Solvent,$52.99 
K79317,"10-32 x 5/8L Female Threaded Round Standoff, Aluminum, 1/4"" OD",Buy,Hardware Specialty,$0.26 
K39582,"18-8 Stainless Steel Hex Head Screw, 1/4""-20 Thread Size, 2-1/2"" Long, Fully Threaded",Buy,Hardware Fastener,$0.60 
K39583,"18-8 Stainless Steel Washer for 1/4"" Screw Size, General Purpose, 0.281"" ID, 0.625"" OD",Buy,Hardware Fastener,$0.11 
K63335,"59L (2.1CuFt) Refrigerator, Summit SPR314LOS",Buy,Appliance (Frefrigeration),$595.00 
K23498,"All Right 25"" LP Grill",Buy,Appliance (Cooking),$0.00 
K23499,"All Right 32"" LP Grill",Buy,Appliance (Cooking),$0.00 
K23500,Electric Grill Model EG Home S,Buy,Appliance (Cooking),$0.00 
K39536,"10-32 Flat Head Phillips Head Screw, 7/16"" Long, SS, Undercut",Buy,Hardware Fastener,$0.14 
K39534,"Press-Fit Nut for Sheet Metal, 1/4""-20, for 0.047"" Minimum Panel Thickness",Buy,Hardware Fastener,$0.43 
K39580,"Press-Fit Nut for Sheet Metal, 8-32, for 0.040"" Minimum Panel Thickness",Buy,Hardware Fastener,$0.19 
K39586,"1/4-20 Hex Head Screw, 316 Stainless Steel, 5/8"" Long",Buy,Hardware Fastener,$0.53 
K39587,"1/4"" Flat Washer, 316 Stainless Steel",Buy,Hardware Fastener,$0.12 
K39588,"10-32 x 3/8"" Pan Head Phillips Screw, SS 316",Buy,Hardware Fastener,$0.33 
K39589,"8-32 x 1/2"" Pan Head Phillips Screw, SS 316",Buy,Hardware Fastener,$0.15 
K39633,"Press-Fit Nut for Sheet Metal, 10-32, for 0.040"" Minimum Panel Thickness",Buy,Hardware Fastener,$0.28 
K39634,"8-32 x 3/8"" Pan Head Phillips Screw, SS 316",Buy,Hardware Fastener,$0.14 
K39635,"M10 x 30mm, 18-8 Stainless Steel Coupling Nut",Buy,Hardware Fastener,$3.58 
K39636,"M10 x 35mm, 18-8 Stainless Steel Flanged Button Head Screw",Buy,Hardware Fastener,$2.41 
K39637,"10-32 x 25/64, Zinc Alloy Tapping Inserts for Softwood",Buy,Hardware Fastener,$0.23 
K79364,"Dry-Running Nylon Sleeve Bearing, 1/4"" Shaft Diameter, 1/2"" Long, 1/2"" OD x 1/16"" Thick Flange",Buy,Hardware Specialty,$2.46 
K39528,"10-32 Flat Head Phillips Head Screw, 1/2"" Long, SS, Undercut",Buy,Hardware Fastener,$0.15 
K25954,"Offset Piano Hinge, 304 SS",Buy,Hardware Fastener,$18.51 
K39475,"Split Pin, 1/8"" Diam. X 3/4""L., 18-8 SS",Buy,Hardware Fastener,$0.15 
K79312,"Aluminum Unthreaded Spacer, 5/8"" OD, 1/2"" Long, for 1/4"" Screw Size",Buy,Hardware Specialty,$2.40 
K39482,"Press-Fit Studs 18-8 Stainless Steel, 8-32 Thread, 1/2"" Long, PEM Fhs832-8",Buy,Hardware Fastener,$0.31 
K39483,"8-32 Acorn Nut, SS",Buy,Hardware Fastener,$1.00 
K39527,"#8 Flat Washer, SS",Buy,Hardware Fastener,$0.05 
K39638,#8 Split Lock Washer,Buy,Hardware Fastener,$0.06 
K63336,"38L Refrigerator, Sunnai SY-12",Buy,Appliance (Frefrigeration),$349.86 
K63337,"63L Refrigerator, Sunnai SY-63",Buy,Appliance (Frefrigeration),$408.80 
K80914,Ice Bin with Swing Cover (355*305*457mm),Buy,"SS Doors,Drawers, Acc.",$122.64 
K80915,Built in two layer kitchen drawer cabinet (345.5*660*490mm),Buy,"SS Doors,Drawers, Acc.",$121.94 
K80916,Built in trash kitchen drawer cabinet (345.5*660*490mm),Buy,"SS Doors,Drawers, Acc.",$112.00 
K80917,Built in Single Door (355*508*46mm),Buy,"SS Doors,Drawers, Acc.",$50.82 
K80918,Built in Single Door (432*610*46mm),Buy,"SS Doors,Drawers, Acc.",$55.72 
K80919,Drop In Double Door (751*532*95mm),Buy,"SS Doors,Drawers, Acc.",$73.50 
B98493,"Countertop Reinforcement Plate, 25in Sag. High Grill",Buy,Mounting & Acc. Parts (B),$0.00 
B16521,"Accessory Bar Attachment Plate, 25in Sag High Grill",Buy,Mounting & Acc. Parts (B),$0.00 
B98732,"Countertop Reinforcement Plate, 32in Sag. High Grill",Buy,Mounting & Acc. Parts (B),$0.00 
02017-01,"32in Wide High Mod., 63L Refrigerator",Make,Saleable SKU,0
02288-01,90deg. High Corner Module w/Light Post,Make,Saleable SKU,0
02469-01,90deg. Low Corner Module w/Light Post,Make,Saleable SKU,0
02565-01,"Beacon, Left, 59L Refrigerator",Make,Saleable SKU,0
02636-01,"24in Wide Low Mod., 38L Refrig.",Make,Saleable SKU,0
02707-01,"32in Wide High Mod., 63L Refrigerator, 16in Sag. E-Grill",Make,Saleable SKU,0
02778-01,"32in Wide High Mod., 63L Refrigerator, Pizza Oven, LP Box",Make,Saleable SKU,0
03187-01,"32in Sag Grill High Module, 2130 Door",Make,Saleable SKU,0
03971-01,"32in Wide High Mod., 1724 Door, Pizza Oven",Make,Saleable SKU,0
05406-01,"24in Wide Low Mod., 1420 Door, Ice Bin",Make,Saleable SKU,0
05600-01,"Beacon, Right, 1420 Door, Sink",Make,Saleable SKU,0
05608-01,"32in Wide High Mod., 1420 Door, Ice Bin",Make,Saleable SKU,0
05841-01,"24in Wide Low Mod., 1420 Door, Sink/Faucet",Make,Saleable SKU,0
05947-01,"32in Wide High Mod., 1420 Door, Sink/ faucet",Make,Saleable SKU,0
07389-01,"25in Sag Grill High Module, 38L Refrig., LP Box",Make,Saleable SKU,0
08063-01,"32In Wide High Mod., 3 Drawer Cabinet",Make,Saleable SKU,0
08074-01,"32In Wide High Mod., Trash Cabinet",Make,Saleable SKU,0
08201-01,"24in Wide Low Mod., Trash Pull-Out Cabinet",Make,Saleable SKU,0
08261-01,"24in Wide Low Mod., 2 Drawer Cabinet",Make,Saleable SKU,0
08938-01,"32In Wide High Mod., 2 Drawer Cabinet",Make,Saleable SKU,0
09028-01,90deg. High Corner Module,Make,Saleable SKU,0
09985-01,90deg. Low Corner Module,Make,Saleable SKU,0
